"Sweden","1810-1814","Female",4.666555068030811
"Sweden","1815-1819","Female",4.726543179741684
"Sweden","1820-1824","Female",4.790670480982446
"Sweden","1825-1829","Female",4.823186513594089
"Sweden","1830-1834","Female",4.863003421354417
"Sweden","1835-1839","Female",4.889279625388306
"Sweden","1840-1844","Female",4.946099756221317
"Sweden","1845-1849","Female",4.972104669948588
"Sweden","1850-1854","Female",4.985250392599356
"Sweden","1855-1859","Female",5.021325857225027
"Sweden","1860-1864","Female",5.093545052838864
"Sweden","1865-1869","Female",5.1216069079837885
"Sweden","1870-1874","Female",5.150712398075515
"Sweden","1875-1879","Female",5.162321247181006
"Sweden","1880-1884","Female",5.272717025349635
"Sweden","1885-1889","Female",5.501165283770532
"Sweden","1890-1894","Female",5.619216127664514
"Sweden","1895-1899","Female",5.7773153312718595
"Sweden","1900-1904","Female",5.999515591616309
"Sweden","1810-1814","Male",4.409578990703362
"Sweden","1815-1819","Male",4.5527825517593685
"Sweden","1820-1824","Male",4.634908576034837
"Sweden","1825-1829","Male",4.617301434070432
"Sweden","1830-1834","Male",4.66568230147799
"Sweden","1835-1839","Male",4.762069443482662
"Sweden","1840-1844","Male",4.905059829233252
"Sweden","1845-1849","Male",4.966413984483928
"Sweden","1850-1854","Male",4.946434178746025
"Sweden","1855-1859","Male",4.980099484318232
"Sweden","1860-1864","Male",5.01457488825729
"Sweden","1865-1869","Male",5.101453377456698
"Sweden","1870-1874","Male",5.169769615855909
"Sweden","1875-1879","Male",5.205779537400744
"Sweden","1880-1884","Male",5.276008476698788
"Sweden","1885-1889","Male",5.544982829623803
"Sweden","1890-1894","Male",5.63183821560512
"Sweden","1895-1899","Male",5.861805942973189
"Sweden","1900-1904","Male",6.260845299762519
"EnglandWales-Civ","1810-1814","Female",4.596659204942633
"EnglandWales-Civ","1815-1819","Female",4.663164898459089
"EnglandWales-Civ","1820-1824","Female",4.73684228433222
"EnglandWales-Civ","1825-1829","Female",4.695084008897493
"EnglandWales-Civ","1830-1834","Female",4.754328302932432
"EnglandWales-Civ","1835-1839","Female",4.752059555495429
"EnglandWales-Civ","1840-1844","Female",4.763511607653273
"EnglandWales-Civ","1845-1849","Female",4.717080326216149
"EnglandWales-Civ","1850-1854","Female",4.755686237561231
"EnglandWales-Civ","1855-1859","Female",4.835382343995044
"EnglandWales-Civ","1860-1864","Female",4.998246265604363
"EnglandWales-Civ","1865-1869","Female",5.103984279165271
"EnglandWales-Civ","1870-1874","Female",5.2830755245202585
"EnglandWales-Civ","1875-1879","Female",5.3406544504379445
"EnglandWales-Civ","1880-1884","Female",5.42643505733539
"EnglandWales-Civ","1885-1889","Female",5.561783531032896
"EnglandWales-Civ","1890-1894","Female",5.66949457882851
"EnglandWales-Civ","1895-1899","Female",5.841338031142634
"EnglandWales-Civ","1900-1904","Female",6.108244052194549
"EnglandWales-Civ","1810-1814","Male",4.725528370052572
"EnglandWales-Civ","1815-1819","Male",4.79621318906244
"EnglandWales-Civ","1820-1824","Male",4.821838501318169
"EnglandWales-Civ","1825-1829","Male",4.6418273247421205
"EnglandWales-Civ","1830-1834","Male",4.603277698083912
"EnglandWales-Civ","1835-1839","Male",4.605591225896018
"EnglandWales-Civ","1840-1844","Male",4.654852765216512
"EnglandWales-Civ","1845-1849","Male",4.673062785483147
"EnglandWales-Civ","1850-1854","Male",4.67632056672124
"EnglandWales-Civ","1855-1859","Male",4.741485370695814
"EnglandWales-Civ","1860-1864","Male",4.858012979233111
"EnglandWales-Civ","1865-1869","Male",4.971986112306576
"EnglandWales-Civ","1870-1874","Male",5.094127609661155
"EnglandWales-Civ","1875-1879","Male",5.030180499810997
"EnglandWales-Civ","1880-1884","Male",5.2614116511857665
"EnglandWales-Civ","1885-1889","Male",5.758528988902009
"EnglandWales-Civ","1890-1894","Male",5.986597464595022
"EnglandWales-Civ","1895-1899","Male",6.26324069888072
"EnglandWales-Civ","1900-1904","Male",6.543625466575177
"France-Civ","1810-1814","Female",4.602340751199697
"France-Civ","1815-1819","Female",4.66116077438628
"France-Civ","1820-1824","Female",4.741611198595216
"France-Civ","1825-1829","Female",4.7018876391695725
"France-Civ","1830-1834","Female",4.63841074723742
"France-Civ","1835-1839","Female",4.770059277659313
"France-Civ","1840-1844","Female",4.8077608663236635
"France-Civ","1845-1849","Female",4.769909589530098
"France-Civ","1850-1854","Female",4.878245301080946
"France-Civ","1855-1859","Female",4.871505448408669
"France-Civ","1860-1864","Female",4.871747916317377
"France-Civ","1865-1869","Female",5.005688246637097
"France-Civ","1870-1874","Female",5.044713105581048
"France-Civ","1875-1879","Female",5.048303350359909
"France-Civ","1880-1884","Female",5.048706437921307
"France-Civ","1885-1889","Female",5.13103940232777
"France-Civ","1890-1894","Female",5.194282794964516
"France-Civ","1895-1899","Female",5.352115830957549
"France-Civ","1900-1904","Female",5.530286123810064
"France-Civ","1810-1814","Male",4.710559494213178
"France-Civ","1815-1819","Male",4.7560108032480715
"France-Civ","1820-1824","Male",4.798731227654087
"France-Civ","1825-1829","Male",4.659833706662716
"France-Civ","1830-1834","Male",4.545045774214291
"France-Civ","1835-1839","Male",4.730822290994765
"France-Civ","1840-1844","Male",4.775820981561515
"France-Civ","1845-1849","Male",4.737270533565435
"France-Civ","1850-1854","Male",4.722467888761429
"France-Civ","1855-1859","Male",4.703700225282624
"France-Civ","1860-1864","Male",4.706251051037478
"France-Civ","1865-1869","Male",4.775413720665055
"France-Civ","1870-1874","Male",4.631336488998548
"France-Civ","1875-1879","Male",4.508188262194593
"France-Civ","1880-1884","Male",4.87721196886505
"France-Civ","1885-1889","Male",5.037503177109217
"France-Civ","1890-1894","Male",4.978664761390473
"France-Civ","1895-1899","Male",5.045456258945126
"France-Civ","1900-1904","Male",5.3264642175336245
"Denmark","1810-1814","Female",4.727697588318116
"Denmark","1815-1819","Female",4.772193146719316
"Denmark","1820-1824","Female",4.8258730831736
"Denmark","1825-1829","Female",4.738391331331775
"Denmark","1830-1834","Female",4.757616810382832
"Denmark","1835-1839","Female",4.773128633560731
"Denmark","1840-1844","Female",4.842002304451468
"Denmark","1845-1849","Female",4.834706745535076
"Denmark","1850-1854","Female",4.936156031113283
"Denmark","1855-1859","Female",5.126201924154646
"Denmark","1860-1864","Female",5.231488358378993
"Denmark","1865-1869","Female",5.369334196914004
"Denmark","1870-1874","Female",5.381238102053211
"Denmark","1875-1879","Female",5.32196066487776
"Denmark","1880-1884","Female",5.444562842790601
"Denmark","1885-1889","Female",5.5646166148391405
"Denmark","1890-1894","Female",5.6649022254593175
"Denmark","1895-1899","Female",5.869655901472216
"Denmark","1900-1904","Female",6.020985825928389
"Denmark","1810-1814","Male",4.785267519386559
"Denmark","1815-1819","Male",4.887984993318952
"Denmark","1820-1824","Male",4.943216957267657
"Denmark","1825-1829","Male",5.032838927642249
"Denmark","1830-1834","Male",4.975310074206298
"Denmark","1835-1839","Male",4.924816711217415
"Denmark","1840-1844","Male",5.045137329193449
"Denmark","1845-1849","Male",5.0094755874262455
"Denmark","1850-1854","Male",4.923033240531585
"Denmark","1855-1859","Male",4.957732631630908
"Denmark","1860-1864","Male",5.051303893288914
"Denmark","1865-1869","Male",5.31590664706852
"Denmark","1870-1874","Male",5.402739236652726
"Denmark","1875-1879","Male",5.455939410878256
"Denmark","1880-1884","Male",5.555997462332952
"Denmark","1885-1889","Male",5.976744057764241
"Denmark","1890-1894","Male",6.0942849777977
"Denmark","1895-1899","Male",6.4592898855717715
"Denmark","1900-1904","Male",6.953492840221322
"Netherlands","1810-1814","Female",4.332511630719076
"Netherlands","1815-1819","Female",4.3682801058101415
"Netherlands","1820-1824","Female",4.3845787164400996
"Netherlands","1825-1829","Female",4.467742945781575
"Netherlands","1830-1834","Female",4.557056528257901
"Netherlands","1835-1839","Female",4.626058810782148
"Netherlands","1840-1844","Female",4.702830727725951
"Netherlands","1845-1849","Female",4.804147415988207
"Netherlands","1850-1854","Female",4.811732051029664
"Netherlands","1855-1859","Female",4.995901938365878
"Netherlands","1860-1864","Female",5.116479433665377
"Netherlands","1865-1869","Female",5.3300898930107055
"Netherlands","1870-1874","Female",5.378130044353925
"Netherlands","1875-1879","Female",5.3724087327732555
"Netherlands","1880-1884","Female",5.436767126524638
"Netherlands","1885-1889","Female",5.663749068235512
"Netherlands","1890-1894","Female",5.79829740002366
"Netherlands","1895-1899","Female",5.891021830152283
"Netherlands","1900-1904","Female",5.9771905259128495
"Netherlands","1810-1814","Male",4.440006040310565
"Netherlands","1815-1819","Male",4.459461955108283
"Netherlands","1820-1824","Male",4.574906055622426
"Netherlands","1825-1829","Male",4.640061823147862
"Netherlands","1830-1834","Male",4.7294658473930244
"Netherlands","1835-1839","Male",4.784399365325814
"Netherlands","1840-1844","Male",4.865090854261313
"Netherlands","1845-1849","Male",4.845556905130248
"Netherlands","1850-1854","Male",4.94409724954848
"Netherlands","1855-1859","Male",5.019949109257372
"Netherlands","1860-1864","Male",5.201924600320407
"Netherlands","1865-1869","Male",5.423007232365776
"Netherlands","1870-1874","Male",5.60899747075422
"Netherlands","1875-1879","Male",5.655702176075456
"Netherlands","1880-1884","Male",5.791354825858574
"Netherlands","1885-1889","Male",6.247260626065995
"Netherlands","1890-1894","Male",6.409736867471817
"Netherlands","1895-1899","Male",6.511148756137725
"Netherlands","1900-1904","Male",6.11741299269045
